-- phpMyAdmin SQL Dump
-- version 5.2.1
-- https://www.phpmyadmin.net/
--
-- Servidor: 127.0.0.1
-- Tiempo de generación: 01-03-2025 a las 22:05:02
-- Versión del servidor: 10.4.32-MariaDB
-- Versión de PHP: 8.2.12

SET SQL_MODE = "NO_AUTO_VALUE_ON_ZERO";
START TRANSACTION;
SET time_zone = "+00:00";


/*!40101 SET @OLD_CHARACTER_SET_CLIENT=@@CHARACTER_SET_CLIENT */;
/*!40101 SET @OLD_CHARACTER_SET_RESULTS=@@CHARACTER_SET_RESULTS */;
/*!40101 SET @OLD_COLLATION_CONNECTION=@@COLLATION_CONNECTION */;
/*!40101 SET NAMES utf8mb4 */;

--
-- Base de datos: `ferreteria`
--

-- --------------------------------------------------------

--
-- Estructura de tabla para la tabla `categorias`
--

CREATE TABLE `categorias` (
  `id` int(11) NOT NULL,
  `nombre` varchar(100) DEFAULT NULL
) ENGINE=InnoDB DEFAULT CHARSET=utf8mb4 COLLATE=utf8mb4_general_ci;

--
-- Volcado de datos para la tabla `categorias`
--

INSERT INTO `categorias` (`id`, `nombre`) VALUES
(1, 'Herramientas manuales'),
(2, 'Herramientas eléctricas'),
(3, 'Accesorios');

-- --------------------------------------------------------

--
-- Estructura de tabla para la tabla `detalle_ventas`
--

CREATE TABLE `detalle_ventas` (
  `id` int(11) NOT NULL,
  `venta_id` int(11) DEFAULT NULL,
  `producto_id` int(11) DEFAULT NULL,
  `cantidad` int(11) DEFAULT NULL,
  `precio_unitario` decimal(10,2) DEFAULT NULL
) ENGINE=InnoDB DEFAULT CHARSET=utf8mb4 COLLATE=utf8mb4_general_ci;

--
-- Volcado de datos para la tabla `detalle_ventas`
--

INSERT INTO `detalle_ventas` (`id`, `venta_id`, `producto_id`, `cantidad`, `precio_unitario`) VALUES
(1, 1, 1, 1, 12.50),
(2, 2, 4, 1, 15.99);

-- --------------------------------------------------------

--
-- Estructura de tabla para la tabla `productos`
--

CREATE TABLE `productos` (
  `id` int(11) NOT NULL,
  `nombre` varchar(100) DEFAULT NULL,
  `descripcion` text DEFAULT NULL,
  `precio` decimal(10,2) DEFAULT NULL,
  `stock` int(11) DEFAULT NULL
) ENGINE=InnoDB DEFAULT CHARSET=utf8mb4 COLLATE=utf8mb4_general_ci;

--
-- Volcado de datos para la tabla `productos`
--

INSERT INTO `productos` (`id`, `nombre`, `descripcion`, `precio`, `stock`) VALUES
(1, 'Martillo', 'Un martillo resistente y duradero.', 12.50, 99),
(2, 'Destornillador', 'Destornillador de precisión.', 7.25, 200),
(3, 'Taladro', 'Taladro inalámbrico con batería de larga duración.', 89.99, 50),
(4, 'Llave Inglesa', 'Llave inglesa ajustable.', 15.99, 74),
(5, 'Tornillo', 'Fuerte y resistente', 0.20, 1000);

-- --------------------------------------------------------

--
-- Estructura de tabla para la tabla `productos_categorias`
--

CREATE TABLE `productos_categorias` (
  `producto_id` int(11) DEFAULT NULL,
  `categoria_id` int(11) DEFAULT NULL
) ENGINE=InnoDB DEFAULT CHARSET=utf8mb4 COLLATE=utf8mb4_general_ci;

--
-- Volcado de datos para la tabla `productos_categorias`
--

INSERT INTO `productos_categorias` (`producto_id`, `categoria_id`) VALUES
(1, 1),
(2, 1),
(3, 2),
(4, 1);

-- --------------------------------------------------------

--
-- Estructura de tabla para la tabla `usuarios`
--

CREATE TABLE `usuarios` (
  `id` int(11) NOT NULL,
  `usuario` varchar(100) DEFAULT NULL,
  `password` varchar(255) DEFAULT NULL,
  `rol` enum('cliente','administrador') DEFAULT NULL,
  `validado` tinyint(1) DEFAULT 0
) ENGINE=InnoDB DEFAULT CHARSET=utf8mb4 COLLATE=utf8mb4_general_ci;

--
-- Volcado de datos para la tabla `usuarios`
--

INSERT INTO `usuarios` (`id`, `usuario`, `password`, `rol`, `validado`) VALUES
(1, 'antonio', '$2y$10$UyPD.2fG9FaIErKYJbXtTOPD0K.eHnRxaYUcIy9/PymSryqfWIH3m', 'administrador', 1),
(2, 'paco', '$2y$10$xH/D1aZsyYXzbyzI7QkcmOA0tSujt7ua7Wy0EBYMgSeMqn4xMvPEi', 'cliente', 1),
(5, 'cliente1', '$2y$10$V9zx2XzXYLnlMeOb8rIb./25cz.SYdx2hlVu4hA2lXLlhbDHk6PMi', 'cliente', 1),
(6, 'cliente2', '$2y$10$L1vL1vL1vL1vL1vL1vL1vO.vMSTGOIzi3PDuWk98L8jLyKh6NzJ5y', 'cliente', 1),
(9, 'raul', '$2y$10$lXkRltA0NQN20hTb.hPBoOUjB7Y1Uh/wvSgUZwQY4ptUu/plyZKHi', 'administrador', 1);

-- --------------------------------------------------------

--
-- Estructura de tabla para la tabla `ventas`
--

CREATE TABLE `ventas` (
  `id` int(11) NOT NULL,
  `usuario_id` int(11) DEFAULT NULL,
  `fecha` datetime DEFAULT NULL,
  `total` decimal(10,2) DEFAULT NULL
) ENGINE=InnoDB DEFAULT CHARSET=utf8mb4 COLLATE=utf8mb4_general_ci;

--
-- Volcado de datos para la tabla `ventas`
--

INSERT INTO `ventas` (`id`, `usuario_id`, `fecha`, `total`) VALUES
(1, 2, '2025-02-28 15:00:06', 12.50),
(2, 2, '2025-03-01 00:28:19', 15.99);

--
-- Índices para tablas volcadas
--

--
-- Indices de la tabla `categorias`
--
ALTER TABLE `categorias`
  ADD PRIMARY KEY (`id`);

--
-- Indices de la tabla `detalle_ventas`
--
ALTER TABLE `detalle_ventas`
  ADD PRIMARY KEY (`id`),
  ADD KEY `venta_id` (`venta_id`),
  ADD KEY `producto_id` (`producto_id`);

--
-- Indices de la tabla `productos`
--
ALTER TABLE `productos`
  ADD PRIMARY KEY (`id`);

--
-- Indices de la tabla `productos_categorias`
--
ALTER TABLE `productos_categorias`
  ADD KEY `producto_id` (`producto_id`),
  ADD KEY `categoria_id` (`categoria_id`);

--
-- Indices de la tabla `usuarios`
--
ALTER TABLE `usuarios`
  ADD PRIMARY KEY (`id`);

--
-- Indices de la tabla `ventas`
--
ALTER TABLE `ventas`
  ADD PRIMARY KEY (`id`),
  ADD KEY `usuario_id` (`usuario_id`);

--
-- AUTO_INCREMENT de las tablas volcadas
--

--
-- AUTO_INCREMENT de la tabla `categorias`
--
ALTER TABLE `categorias`
  MODIFY `id` int(11) NOT NULL AUTO_INCREMENT, AUTO_INCREMENT=4;

--
-- AUTO_INCREMENT de la tabla `detalle_ventas`
--
ALTER TABLE `detalle_ventas`
  MODIFY `id` int(11) NOT NULL AUTO_INCREMENT, AUTO_INCREMENT=3;

--
-- AUTO_INCREMENT de la tabla `productos`
--
ALTER TABLE `productos`
  MODIFY `id` int(11) NOT NULL AUTO_INCREMENT, AUTO_INCREMENT=6;

--
-- AUTO_INCREMENT de la tabla `usuarios`
--
ALTER TABLE `usuarios`
  MODIFY `id` int(11) NOT NULL AUTO_INCREMENT, AUTO_INCREMENT=10;

--
-- AUTO_INCREMENT de la tabla `ventas`
--
ALTER TABLE `ventas`
  MODIFY `id` int(11) NOT NULL AUTO_INCREMENT, AUTO_INCREMENT=3;

--
-- Restricciones para tablas volcadas
--

--
-- Filtros para la tabla `detalle_ventas`
--
ALTER TABLE `detalle_ventas`
  ADD CONSTRAINT `detalle_ventas_ibfk_1` FOREIGN KEY (`venta_id`) REFERENCES `ventas` (`id`),
  ADD CONSTRAINT `detalle_ventas_ibfk_2` FOREIGN KEY (`producto_id`) REFERENCES `productos` (`id`);

--
-- Filtros para la tabla `productos_categorias`
--
ALTER TABLE `productos_categorias`
  ADD CONSTRAINT `productos_categorias_ibfk_1` FOREIGN KEY (`producto_id`) REFERENCES `productos` (`id`),
  ADD CONSTRAINT `productos_categorias_ibfk_2` FOREIGN KEY (`categoria_id`) REFERENCES `categorias` (`id`);

--
-- Filtros para la tabla `ventas`
--
ALTER TABLE `ventas`
  ADD CONSTRAINT `ventas_ibfk_1` FOREIGN KEY (`usuario_id`) REFERENCES `usuarios` (`id`);
COMMIT;

/*!40101 SET CHARACTER_SET_CLIENT=@OLD_CHARACTER_SET_CLIENT */;
/*!40101 SET CHARACTER_SET_RESULTS=@OLD_CHARACTER_SET_RESULTS */;
/*!40101 SET COLLATION_CONNECTION=@OLD_COLLATION_CONNECTION */;
